"filename", "language", "Go", "HTML", "Markdown", "YAML", "Shell Script", "Go Checksum File", "JSON", "Go Module File", "TypeScript", "JSON with Comments", "JavaScript", "CSV", "XML", "vue", "SCSS", "comment", "blank", "total"
"/Users/jerichoyu/Development/Projects/go/aid297/aid/array/anyArrayV2/any_array.go", "Go", 388, 0, 0, 0, 0, 0, 0, 0, 0, 0, 0, 0, 0, 0, 0, 49, 109, 546
"/Users/jerichoyu/Development/Projects/go/aid297/aid/array/anyArrayV2/any_array_attributer.go", "Go", 25, 0, 0, 0, 0, 0, 0, 0, 0, 0, 0, 0, 0, 0, 0, 0, 13, 38
"/Users/jerichoyu/Development/Projects/go/aid297/aid/array/anyArrayV2/any_array_test.go", "Go", 45, 0, 0, 0, 0, 0, 0, 0, 0, 0, 0, 0, 0, 0, 0, 0, 7, 52
"/Users/jerichoyu/Development/Projects/go/aid297/aid/array/any_array.go", "Go", 378, 0, 0, 0, 0, 0, 0, 0, 0, 0, 0, 0, 0, 0, 0, 60, 108, 546
"/Users/jerichoyu/Development/Projects/go/aid297/aid/array/any_array_test.go", "Go", 279, 0, 0, 0, 0, 0, 0, 0, 0, 0, 0, 0, 0, 0, 0, 0, 70, 349
"/Users/jerichoyu/Development/Projects/go/aid297/aid/common/types.go", "Go", 682, 0, 0, 0, 0, 0, 0, 0, 0, 0, 0, 0, 0, 0, 0, 46, 107, 835
"/Users/jerichoyu/Development/Projects/go/aid297/aid/compression/app.go", "Go", 4, 0, 0, 0, 0, 0, 0, 0, 0, 0, 0, 0, 0, 0, 0, 0, 2, 6
"/Users/jerichoyu/Development/Projects/go/aid297/aid/compression/zlib.go", "Go", 41, 0, 0, 0, 0, 0, 0, 0, 0, 0, 0, 0, 0, 0, 0, 8, 14, 63
"/Users/jerichoyu/Development/Projects/go/aid297/aid/cspell.config.yaml", "YAML", 0, 0, 0, 7, 0, 0, 0, 0, 0, 0, 0, 0, 0, 0, 0, 0, 1, 8
"/Users/jerichoyu/Development/Projects/go/aid297/aid/daemon/app.go", "Go", 2, 0, 0, 0, 0, 0, 0, 0, 0, 0, 0, 0, 0, 0, 0, 0, 2, 4
"/Users/jerichoyu/Development/Projects/go/aid297/aid/daemon/daemon.go", "Go", 53, 0, 0, 0, 0, 0, 0, 0, 0, 0, 0, 0, 0, 0, 0, 4, 10, 67
"/Users/jerichoyu/Development/Projects/go/aid297/aid/db.yaml", "YAML", 0, 0, 0, 73, 0, 0, 0, 0, 0, 0, 0, 0, 0, 0, 0, 0, 0, 73
"/Users/jerichoyu/Development/Projects/go/aid297/aid/dict/anyDictV2/any_dict.go", "Go", 205, 0, 0, 0, 0, 0, 0, 0, 0, 0, 0, 0, 0, 0, 0, 4, 71, 280
"/Users/jerichoyu/Development/Projects/go/aid297/aid/dict/anyDictV2/any_dict_attributer.go", "Go", 23, 0, 0, 0, 0, 0, 0, 0, 0, 0, 0, 0, 0, 0, 0, 0, 6, 29
"/Users/jerichoyu/Development/Projects/go/aid297/aid/dict/any_dict.go", "Go", 438, 0, 0, 0, 0, 0, 0, 0, 0, 0, 0, 0, 0, 0, 0, 63, 164, 665
"/Users/jerichoyu/Development/Projects/go/aid297/aid/dict/any_dict_test.go", "Go", 307, 0, 0, 0, 0, 0, 0, 0, 0, 0, 0, 0, 0, 0, 0, 0, 64, 371
"/Users/jerichoyu/Development/Projects/go/aid297/aid/digest/bcrypt.go", "Go", 10, 0, 0, 0, 0, 0, 0, 0, 0, 0, 0, 0, 0, 0, 0, 2, 4, 16
"/Users/jerichoyu/Development/Projects/go/aid297/aid/digest/md5.go", "Go", 12, 0, 0, 0, 0, 0, 0, 0, 0, 0, 0, 0, 0, 0, 0, 1, 4, 17
"/Users/jerichoyu/Development/Projects/go/aid297/aid/digest/sha256.go", "Go", 17, 0, 0, 0, 0, 0, 0, 0, 0, 0, 0, 0, 0, 0, 0, 2, 6, 25
"/Users/jerichoyu/Development/Projects/go/aid297/aid/digest/sm3.go", "Go", 12, 0, 0, 0, 0, 0, 0, 0, 0, 0, 0, 0, 0, 0, 0, 1, 5, 18
"/Users/jerichoyu/Development/Projects/go/aid297/aid/excel/app.go", "Go", 7, 0, 0, 0, 0, 0, 0, 0, 0, 0, 0, 0, 0, 0, 0, 0, 2, 9
"/Users/jerichoyu/Development/Projects/go/aid297/aid/excel/errors.go", "Go", 51, 0, 0, 0, 0, 0, 0, 0, 0, 0, 0, 0, 0, 0, 0, 0, 20, 71
"/Users/jerichoyu/Development/Projects/go/aid297/aid/excel/excelV2/reader.go", "Go", 41, 0, 0, 0, 0, 0, 0, 0, 0, 0, 0, 0, 0, 0, 0, 0, 12, 53
"/Users/jerichoyu/Development/Projects/go/aid297/aid/excel/excelV2/reader_option.go", "Go", 39, 0, 0, 0, 0, 0, 0, 0, 0, 0, 0, 0, 0, 0, 0, 0, 14, 53
"/Users/jerichoyu/Development/Projects/go/aid297/aid/excel/excel_cell.go", "Go", 344, 0, 0, 0, 0, 0, 0, 0, 0, 0, 0, 0, 0, 0, 0, 75, 119, 538
"/Users/jerichoyu/Development/Projects/go/aid297/aid/excel/excel_reader.go", "Go", 190, 0, 0, 0, 0, 0, 0, 0, 0, 0, 0, 0, 0, 0, 0, 25, 54, 269
"/Users/jerichoyu/Development/Projects/go/aid297/aid/excel/excel_row.go", "Go", 36, 0, 0, 0, 0, 0, 0, 0, 0, 0, 0, 0, 0, 0, 0, 8, 15, 59
"/Users/jerichoyu/Development/Projects/go/aid297/aid/excel/excel_util.go", "Go", 124, 0, 0, 0, 0, 0, 0, 0, 0, 0, 0, 0, 0, 0, 0, 3, 14, 141
"/Users/jerichoyu/Development/Projects/go/aid297/aid/excel/excel_writer.go", "Go", 210, 0, 0, 0, 0, 0, 0, 0, 0, 0, 0, 0, 0, 0, 0, 21, 48, 279
"/Users/jerichoyu/Development/Projects/go/aid297/aid/filesystem/file_manager.go", "Go", 130, 0, 0, 0, 0, 0, 0, 0, 0, 0, 0, 0, 0, 0, 0, 19, 31, 180
"/Users/jerichoyu/Development/Projects/go/aid297/aid/filesystem/filesystem.go", "Go", 381, 0, 0, 0, 0, 0, 0, 0, 0, 0, 0, 0, 0, 0, 0, 54, 106, 541
"/Users/jerichoyu/Development/Projects/go/aid297/aid/filesystem/filesystemV2/app.go", "Go", 5, 0, 0, 0, 0, 0, 0, 0, 0, 0, 0, 0, 0, 0, 0, 0, 2, 7
"/Users/jerichoyu/Development/Projects/go/aid297/aid/filesystem/filesystemV2/dir.go", "Go", 304, 0, 0, 0, 0, 0, 0, 0, 0, 0, 0, 0, 0, 0, 0, 48, 102, 454
"/Users/jerichoyu/Development/Projects/go/aid297/aid/filesystem/filesystemV2/dir_test.go", "Go", 39, 0, 0, 0, 0, 0, 0, 0, 0, 0, 0, 0, 0, 0, 0, 0, 6, 45
"/Users/jerichoyu/Development/Projects/go/aid297/aid/filesystem/filesystemV2/errors.go", "Go", 346, 0, 0, 0, 0, 0, 0, 0, 0, 0, 0, 0, 0, 0, 0, 0, 127, 473
"/Users/jerichoyu/Development/Projects/go/aid297/aid/filesystem/filesystemV2/file.go", "Go", 324, 0, 0, 0, 0, 0, 0, 0, 0, 0, 0, 0, 0, 0, 0, 45, 98, 467
"/Users/jerichoyu/Development/Projects/go/aid297/aid/filesystem/filesystemV2/file_test.go", "Go", 95, 0, 0, 0, 0, 0, 0, 0, 0, 0, 0, 0, 0, 0, 0, 1, 17, 113
"/Users/jerichoyu/Development/Projects/go/aid297/aid/filesystem/filesystemV2/filesystem.go", "Go", 20, 0, 0, 0, 0, 0, 0, 0, 0, 0, 0, 0, 0, 0, 0, 3, 9, 32
"/Users/jerichoyu/Development/Projects/go/aid297/aid/filesystem/filesystemV2/interface.go", "Go", 7, 0, 0, 0, 0, 0, 0, 0, 0, 0, 0, 0, 0, 0, 0, 0, 4, 11
"/Users/jerichoyu/Development/Projects/go/aid297/aid/filesystem/filesystemV3/app.go", "Go", 5, 0, 0, 0, 0, 0, 0, 0, 0, 0, 0, 0, 0, 0, 0, 0, 2, 7
"/Users/jerichoyu/Development/Projects/go/aid297/aid/filesystem/filesystemV3/dir.go", "Go", 263, 0, 0, 0, 0, 0, 0, 0, 0, 0, 0, 0, 0, 0, 0, 27, 68, 358
"/Users/jerichoyu/Development/Projects/go/aid297/aid/filesystem/filesystemV3/dir_test.go", "Go", 82, 0, 0, 0, 0, 0, 0, 0, 0, 0, 0, 0, 0, 0, 0, 0, 20, 102
"/Users/jerichoyu/Development/Projects/go/aid297/aid/filesystem/filesystemV3/errors.go", "Go", 16, 0, 0, 0, 0, 0, 0, 0, 0, 0, 0, 0, 0, 0, 0, 0, 3, 19
"/Users/jerichoyu/Development/Projects/go/aid297/aid/filesystem/filesystemV3/file.go", "Go", 217, 0, 0, 0, 0, 0, 0, 0, 0, 0, 0, 0, 0, 0, 0, 21, 50, 288
"/Users/jerichoyu/Development/Projects/go/aid297/aid/filesystem/filesystemV3/file_test.go", "Go", 67, 0, 0, 0, 0, 0, 0, 0, 0, 0, 0, 0, 0, 0, 0, 0, 15, 82
"/Users/jerichoyu/Development/Projects/go/aid297/aid/filesystem/filesystemV3/operation.go", "Go", 40, 0, 0, 0, 0, 0, 0, 0, 0, 0, 0, 0, 0, 0, 0, 2, 16, 58
"/Users/jerichoyu/Development/Projects/go/aid297/aid/filesystem/filesystemV3/utils.go", "Go", 62, 0, 0, 0, 0, 0, 0, 0, 0, 0, 0, 0, 0, 0, 0, 11, 16, 89
"/Users/jerichoyu/Development/Projects/go/aid297/aid/git.sh", "Shell Script", 0, 0, 0, 0, 37, 0, 0, 0, 0, 0, 0, 0, 0, 0, 0, 0, 6, 43
"/Users/jerichoyu/Development/Projects/go/aid297/aid/go.mod", "Go Module File", 0, 0, 0, 0, 0, 0, 0, 106, 0, 0, 0, 0, 0, 0, 0, 0, 5, 111
"/Users/jerichoyu/Development/Projects/go/aid297/aid/go.sum", "Go Checksum File", 0, 0, 0, 0, 0, 499, 0, 0, 0, 0, 0, 0, 0, 0, 0, 0, 1, 500
"/Users/jerichoyu/Development/Projects/go/aid297/aid/gormPool/app.go", "Go", 8, 0, 0, 0, 0, 0, 0, 0, 0, 0, 0, 0, 0, 0, 0, 0, 2, 10
"/Users/jerichoyu/Development/Projects/go/aid297/aid/gormPool/db_finder.go", "Go", 269, 0, 0, 0, 0, 0, 0, 0, 0, 0, 0, 0, 0, 0, 0, 82, 63, 414
"/Users/jerichoyu/Development/Projects/go/aid297/aid/gormPool/db_setting.go", "Go", 157, 0, 0, 0, 0, 0, 0, 0, 0, 0, 0, 0, 0, 0, 0, 1, 18, 176
"/Users/jerichoyu/Development/Projects/go/aid297/aid/gormPool/gorm_pool_test.go", "Go", 21, 0, 0, 0, 0, 0, 0, 0, 0, 0, 0, 0, 0, 0, 0, 0, 7, 28
"/Users/jerichoyu/Development/Projects/go/aid297/aid/gormPool/interface.go", "Go", 9, 0, 0, 0, 0, 0, 0, 0, 0, 0, 0, 0, 0, 0, 0, 0, 3, 12
"/Users/jerichoyu/Development/Projects/go/aid297/aid/gormPool/model_attributer.go", "Go", 65, 0, 0, 0, 0, 0, 0, 0, 0, 0, 0, 0, 0, 0, 0, 1, 25, 91
"/Users/jerichoyu/Development/Projects/go/aid297/aid/gormPool/mysql_pool.go", "Go", 168, 0, 0, 0, 0, 0, 0, 0, 0, 0, 0, 0, 0, 0, 0, 11, 23, 202
"/Users/jerichoyu/Development/Projects/go/aid297/aid/gormPool/postgres_pool.go", "Go", 173, 0, 0, 0, 0, 0, 0, 0, 0, 0, 0, 0, 0, 0, 0, 11, 22, 206
"/Users/jerichoyu/Development/Projects/go/aid297/aid/gormPool/sql_server_pool.go", "Go", 164, 0, 0, 0, 0, 0, 0, 0, 0, 0, 0, 0, 0, 0, 0, 11, 22, 197
"/Users/jerichoyu/Development/Projects/go/aid297/aid/grpc/app.go", "Go", 15, 0, 0, 0, 0, 0, 0, 0, 0, 0, 0, 0, 0, 0, 0, 0, 3, 18
"/Users/jerichoyu/Development/Projects/go/aid297/aid/grpc/grpcClient/attributer.go", "Go", 33, 0, 0, 0, 0, 0, 0, 0, 0, 0, 0, 0, 0, 0, 0, 0, 10, 43
"/Users/jerichoyu/Development/Projects/go/aid297/aid/grpc/grpcClient/client.go", "Go", 70, 0, 0, 0, 0, 0, 0, 0, 0, 0, 0, 0, 0, 0, 0, 0, 18, 88
"/Users/jerichoyu/Development/Projects/go/aid297/aid/grpc/grpcClient/pool.go", "Go", 43, 0, 0, 0, 0, 0, 0, 0, 0, 0, 0, 0, 0, 0, 0, 0, 13, 56
"/Users/jerichoyu/Development/Projects/go/aid297/aid/grpc/grpcServer/attributer.go", "Go", 82, 0, 0, 0, 0, 0, 0, 0, 0, 0, 0, 0, 0, 0, 0, 2, 19, 103
"/Users/jerichoyu/Development/Projects/go/aid297/aid/grpc/grpcServer/pool.go", "Go", 43, 0, 0, 0, 0, 0, 0, 0, 0, 0, 0, 0, 0, 0, 0, 0, 13, 56
"/Users/jerichoyu/Development/Projects/go/aid297/aid/grpc/grpcServer/server.go", "Go", 69, 0, 0, 0, 0, 0, 0, 0, 0, 0, 0, 0, 0, 0, 0, 2, 19, 90
"/Users/jerichoyu/Development/Projects/go/aid297/aid/honestMan/app.go", "Go", 2, 0, 0, 0, 0, 0, 0, 0, 0, 0, 0, 0, 0, 0, 0, 0, 2, 4
"/Users/jerichoyu/Development/Projects/go/aid297/aid/honestMan/errors.go", "Go", 38, 0, 0, 0, 0, 0, 0, 0, 0, 0, 0, 0, 0, 0, 0, 0, 15, 53
"/Users/jerichoyu/Development/Projects/go/aid297/aid/honestMan/honest_man.go", "Go", 74, 0, 0, 0, 0, 0, 0, 0, 0, 0, 0, 0, 0, 0, 0, 10, 21, 105
"/Users/jerichoyu/Development/Projects/go/aid297/aid/httpClient/errors.go", "Go", 171, 0, 0, 0, 0, 0, 0, 0, 0, 0, 0, 0, 0, 0, 0, 0, 60, 231
"/Users/jerichoyu/Development/Projects/go/aid297/aid/httpClient/httpClientV2/app.go", "Go", 5, 0, 0, 0, 0, 0, 0, 0, 0, 0, 0, 0, 0, 0, 0, 0, 2, 7
"/Users/jerichoyu/Development/Projects/go/aid297/aid/httpClient/httpClientV2/http_client.go", "Go", 339, 0, 0, 0, 0, 0, 0, 0, 0, 0, 0, 0, 0, 0, 0, 3, 104, 446
"/Users/jerichoyu/Development/Projects/go/aid297/aid/httpClient/httpClientV2/http_client_attributer.go", "Go", 387, 0, 0, 0, 0, 0, 0, 0, 0, 0, 0, 0, 0, 0, 0, 2, 113, 502
"/Users/jerichoyu/Development/Projects/go/aid297/aid/httpClient/httpClientV2/http_client_conent_type.go", "Go", 45, 0, 0, 0, 0, 0, 0, 0, 0, 0, 0, 0, 0, 0, 0, 0, 6, 51
"/Users/jerichoyu/Development/Projects/go/aid297/aid/httpClient/httpClientV2/http_client_test.go", "Go", 37, 0, 0, 0, 0, 0, 0, 0, 0, 0, 0, 0, 0, 0, 0, 0, 5, 42
"/Users/jerichoyu/Development/Projects/go/aid297/aid/httpClient/httpClientV3/app.go", "Go", 4, 0, 0, 0, 0, 0, 0, 0, 0, 0, 0, 0, 0, 0, 0, 0, 2, 6
"/Users/jerichoyu/Development/Projects/go/aid297/aid/httpClient/httpClientV3/http_client.go", "Go", 402, 0, 0, 0, 0, 0, 0, 0, 0, 0, 0, 0, 0, 0, 0, 49, 110, 561
"/Users/jerichoyu/Development/Projects/go/aid297/aid/httpClient/httpClientV3/http_client_attributer.go", "Go", 381, 0, 0, 0, 0, 0, 0, 0, 0, 0, 0, 0, 0, 0, 0, 2, 44, 427
"/Users/jerichoyu/Development/Projects/go/aid297/aid/httpClient/httpClientV3/http_client_conent_type.go", "Go", 45, 0, 0, 0, 0, 0, 0, 0, 0, 0, 0, 0, 0, 0, 0, 0, 6, 51
"/Users/jerichoyu/Development/Projects/go/aid297/aid/httpClient/httpClientV3/http_client_test.go", "Go", 39, 0, 0, 0, 0, 0, 0, 0, 0, 0, 0, 0, 0, 0, 0, 0, 6, 45
"/Users/jerichoyu/Development/Projects/go/aid297/aid/httpClient/http_client.go", "Go", 550, 0, 0, 0, 0, 0, 0, 0, 0, 0, 0, 0, 0, 0, 0, 77, 162, 789
"/Users/jerichoyu/Development/Projects/go/aid297/aid/httpClient/http_client_content_type.go", "Go", 45, 0, 0, 0, 0, 0, 0, 0, 0, 0, 0, 0, 0, 0, 0, 0, 6, 51
"/Users/jerichoyu/Development/Projects/go/aid297/aid/httpClient/http_client_download.go", "Go", 70, 0, 0, 0, 0, 0, 0, 0, 0, 0, 0, 0, 0, 0, 0, 4, 23, 97
"/Users/jerichoyu/Development/Projects/go/aid297/aid/httpClient/http_client_multiple.go", "Go", 33, 0, 0, 0, 0, 0, 0, 0, 0, 0, 0, 0, 0, 0, 0, 7, 16, 56
"/Users/jerichoyu/Development/Projects/go/aid297/aid/httpLimiter/app.go", "Go", 5, 0, 0, 0, 0, 0, 0, 0, 0, 0, 0, 0, 0, 0, 0, 0, 2, 7
"/Users/jerichoyu/Development/Projects/go/aid297/aid/httpLimiter/ip_limiter.go", "Go", 41, 0, 0, 0, 0, 0, 0, 0, 0, 0, 0, 0, 0, 0, 0, 10, 14, 65
"/Users/jerichoyu/Development/Projects/go/aid297/aid/httpLimiter/route_limiter.go", "Go", 37, 0, 0, 0, 0, 0, 0, 0, 0, 0, 0, 0, 0, 0, 0, 7, 13, 57
"/Users/jerichoyu/Development/Projects/go/aid297/aid/lock/app.go", "Go", 4, 0, 0, 0, 0, 0, 0, 0, 0, 0, 0, 0, 0, 0, 0, 0, 2, 6
"/Users/jerichoyu/Development/Projects/go/aid297/aid/lock/map_lock.go", "Go", 125, 0, 0, 0, 0, 0, 0, 0, 0, 0, 0, 0, 0, 0, 0, 11, 31, 167
"/Users/jerichoyu/Development/Projects/go/aid297/aid/lock/map_lock_test.go", "Go", 26, 0, 0, 0, 0, 0, 0, 0, 0, 0, 0, 0, 0, 0, 0, 7, 8, 41
"/Users/jerichoyu/Development/Projects/go/aid297/aid/logger/app.go", "Go", 5, 0, 0, 0, 0, 0, 0, 0, 0, 0, 0, 0, 0, 0, 0, 0, 2, 7
"/Users/jerichoyu/Development/Projects/go/aid297/aid/logger/zap_provider.go", "Go", 87, 0, 0, 0, 0, 0, 0, 0, 0, 0, 0, 0, 0, 0, 0, 6, 18, 111
"/Users/jerichoyu/Development/Projects/go/aid297/aid/logger/zap_provider_config.go", "Go", 65, 0, 0, 0, 0, 0, 0, 0, 0, 0, 0, 0, 0, 0, 0, 10, 23, 98
"/Users/jerichoyu/Development/Projects/go/aid297/aid/logger/zap_provider_test.go", "Go", 33, 0, 0, 0, 0, 0, 0, 0, 0, 0, 0, 0, 0, 0, 0, 0, 6, 39
"/Users/jerichoyu/Development/Projects/go/aid297/aid/main.go", "Go", 21, 0, 0, 0, 0, 0, 0, 0, 0, 0, 0, 0, 0, 0, 0, 0, 7, 28
"/Users/jerichoyu/Development/Projects/go/aid297/aid/messageQueue/rabbit/app.go", "Go", 7, 0, 0, 0, 0, 0, 0, 0, 0, 0, 0, 0, 0, 0, 0, 0, 2, 9
"/Users/jerichoyu/Development/Projects/go/aid297/aid/messageQueue/rabbit/consume.go", "Go", 70, 0, 0, 0, 0, 0, 0, 0, 0, 0, 0, 0, 0, 0, 0, 4, 11, 85
"/Users/jerichoyu/Development/Projects/go/aid297/aid/messageQueue/rabbit/errors.go", "Go", 90, 0, 0, 0, 0, 0, 0, 0, 0, 0, 0, 0, 0, 0, 0, 0, 29, 119
"/Users/jerichoyu/Development/Projects/go/aid297/aid/messageQueue/rabbit/message.go", "Go", 37, 0, 0, 0, 0, 0, 0, 0, 0, 0, 0, 0, 0, 0, 0, 3, 11, 51
"/Users/jerichoyu/Development/Projects/go/aid297/aid/messageQueue/rabbit/pool.go", "Go", 28, 0, 0, 0, 0, 0, 0, 0, 0, 0, 0, 0, 0, 0, 0, 3, 10, 41
"/Users/jerichoyu/Development/Projects/go/aid297/aid/messageQueue/rabbit/rabbit.go", "Go", 157, 0, 0, 0, 0, 0, 0, 0, 0, 0, 0, 0, 0, 0, 0, 16, 41, 214
"/Users/jerichoyu/Development/Projects/go/aid297/aid/messageQueue/rabbit/rabbit_test.go", "Go", 30, 0, 0, 0, 0, 0, 0, 0, 0, 0, 0, 0, 0, 0, 0, 0, 9, 39
"/Users/jerichoyu/Development/Projects/go/aid297/aid/mongoClientPool/app.go", "Go", 5, 0, 0, 0, 0, 0, 0, 0, 0, 0, 0, 0, 0, 0, 0, 0, 2, 7
"/Users/jerichoyu/Development/Projects/go/aid297/aid/mongoClientPool/mongo_client.go", "Go", 137, 0, 0, 0, 0, 0, 0, 0, 0, 0, 0, 0, 0, 0, 0, 22, 54, 213
"/Users/jerichoyu/Development/Projects/go/aid297/aid/mongoClientPool/mongo_client_pool.go", "Go", 48, 0, 0, 0, 0, 0, 0, 0, 0, 0, 0, 0, 0, 0, 0, 6, 17, 71
"/Users/jerichoyu/Development/Projects/go/aid297/aid/mongoClientPool/mongo_test.go", "Go", 205, 0, 0, 0, 0, 0, 0, 0, 0, 0, 0, 0, 0, 0, 0, 5, 43, 253
"/Users/jerichoyu/Development/Projects/go/aid297/aid/myError/my_error.go", "Go", 11, 0, 0, 0, 0, 0, 0, 0, 0, 0, 0, 0, 0, 0, 0, 0, 2, 13
"/Users/jerichoyu/Development/Projects/go/aid297/aid/myError/my_error_test.go", "Go", 63, 0, 0, 0, 0, 0, 0, 0, 0, 0, 0, 0, 0, 0, 0, 1, 20, 84
"/Users/jerichoyu/Development/Projects/go/aid297/aid/operation/manifold.go", "Go", 41, 0, 0, 0, 0, 0, 0, 0, 0, 0, 0, 0, 0, 0, 0, 9, 13, 63
"/Users/jerichoyu/Development/Projects/go/aid297/aid/operation/math.go", "Go", 31, 0, 0, 0, 0, 0, 0, 0, 0, 0, 0, 0, 0, 0, 0, 2, 9, 42
"/Users/jerichoyu/Development/Projects/go/aid297/aid/operation/operationV2/ternary.go", "Go", 73, 0, 0, 0, 0, 0, 0, 0, 0, 0, 0, 0, 0, 0, 0, 5, 9, 87
"/Users/jerichoyu/Development/Projects/go/aid297/aid/operation/operationV2/ternary_attributer.go", "Go", 24, 0, 0, 0, 0, 0, 0, 0, 0, 0, 0, 0, 0, 0, 0, 0, 11, 35
"/Users/jerichoyu/Development/Projects/go/aid297/aid/operation/operationV2/ternary_test.go", "Go", 13, 0, 0, 0, 0, 0, 0, 0, 0, 0, 0, 0, 0, 0, 0, 0, 4, 17
"/Users/jerichoyu/Development/Projects/go/aid297/aid/operation/ternary.go", "Go", 28, 0, 0, 0, 0, 0, 0, 0, 0, 0, 0, 0, 0, 0, 0, 4, 9, 41
"/Users/jerichoyu/Development/Projects/go/aid297/aid/ptr/new.go", "Go", 2, 0, 0, 0, 0, 0, 0, 0, 0, 0, 0, 0, 0, 0, 0, 0, 2, 4
"/Users/jerichoyu/Development/Projects/go/aid297/aid/ptr/new_test.go", "Go", 8, 0, 0, 0, 0, 0, 0, 0, 0, 0, 0, 0, 0, 0, 0, 0, 3, 11
"/Users/jerichoyu/Development/Projects/go/aid297/aid/rbac/app.go", "Go", 7, 0, 0, 0, 0, 0, 0, 0, 0, 0, 0, 0, 0, 0, 0, 0, 2, 9
"/Users/jerichoyu/Development/Projects/go/aid297/aid/rbac/db.yaml", "YAML", 0, 0, 0, 48, 0, 0, 0, 0, 0, 0, 0, 0, 0, 0, 0, 0, 0, 48
"/Users/jerichoyu/Development/Projects/go/aid297/aid/rbac/edge.go", "Go", 184, 0, 0, 0, 0, 0, 0, 0, 0, 0, 0, 0, 0, 0, 0, 0, 41, 225
"/Users/jerichoyu/Development/Projects/go/aid297/aid/rbac/edge_attribute.go", "Go", 37, 0, 0, 0, 0, 0, 0, 0, 0, 0, 0, 0, 0, 0, 0, 0, 14, 51
"/Users/jerichoyu/Development/Projects/go/aid297/aid/rbac/edge_test.go", "Go", 93, 0, 0, 0, 0, 0, 0, 0, 0, 0, 0, 0, 0, 0, 0, 0, 20, 113
"/Users/jerichoyu/Development/Projects/go/aid297/aid/rbac/group.go", "Go", 42, 0, 0, 0, 0, 0, 0, 0, 0, 0, 0, 0, 0, 0, 0, 0, 14, 56
"/Users/jerichoyu/Development/Projects/go/aid297/aid/rbac/permission.go", "Go", 102, 0, 0, 0, 0, 0, 0, 0, 0, 0, 0, 0, 0, 0, 0, 0, 29, 131
"/Users/jerichoyu/Development/Projects/go/aid297/aid/rbac/permission_attribute.go", "Go", 20, 0, 0, 0, 0, 0, 0, 0, 0, 0, 0, 0, 0, 0, 0, 0, 7, 27
"/Users/jerichoyu/Development/Projects/go/aid297/aid/rbac/role.go", "Go", 117, 0, 0, 0, 0, 0, 0, 0, 0, 0, 0, 0, 0, 0, 0, 0, 33, 150
"/Users/jerichoyu/Development/Projects/go/aid297/aid/rbac/role_attribute.go", "Go", 13, 0, 0, 0, 0, 0, 0, 0, 0, 0, 0, 0, 0, 0, 0, 0, 5, 18
"/Users/jerichoyu/Development/Projects/go/aid297/aid/redisPool/app.go", "Go", 5, 0, 0, 0, 0, 0, 0, 0, 0, 0, 0, 0, 0, 0, 0, 0, 2, 7
"/Users/jerichoyu/Development/Projects/go/aid297/aid/redisPool/redis.set.go", "Go", 35, 0, 0, 0, 0, 0, 0, 0, 0, 0, 0, 0, 0, 0, 0, 2, 6, 43
"/Users/jerichoyu/Development/Projects/go/aid297/aid/redisPool/redis_pool.go", "Go", 92, 0, 0, 0, 0, 0, 0, 0, 0, 0, 0, 0, 0, 0, 0, 5, 22, 119
"/Users/jerichoyu/Development/Projects/go/aid297/aid/reflection/reflection.go", "Go", 355, 0, 0, 0, 0, 0, 0, 0, 0, 0, 0, 0, 0, 0, 0, 24, 54, 433
"/Users/jerichoyu/Development/Projects/go/aid297/aid/reflection/reflection_attributer.go", "Go", 11, 0, 0, 0, 0, 0, 0, 0, 0, 0, 0, 0, 0, 0, 0, 0, 5, 16
"/Users/jerichoyu/Development/Projects/go/aid297/aid/regexp/app.go", "Go", 4, 0, 0, 0, 0, 0, 0, 0, 0, 0, 0, 0, 0, 0, 0, 0, 2, 6
"/Users/jerichoyu/Development/Projects/go/aid297/aid/regexp/regexp.go", "Go", 60, 0, 0, 0, 0, 0, 0, 0, 0, 0, 0, 0, 0, 0, 0, 5, 17, 82
"/Users/jerichoyu/Development/Projects/go/aid297/aid/regexp/regexp_attributer.go", "Go", 33, 0, 0, 0, 0, 0, 0, 0, 0, 0, 0, 0, 0, 0, 0, 0, 8, 41
"/Users/jerichoyu/Development/Projects/go/aid297/aid/retry/app.go", "Go", 4, 0, 0, 0, 0, 0, 0, 0, 0, 0, 0, 0, 0, 0, 0, 0, 2, 6
"/Users/jerichoyu/Development/Projects/go/aid297/aid/retry/retry.go", "Go", 85, 0, 0, 0, 0, 0, 0, 0, 0, 0, 0, 0, 0, 0, 0, 4, 19, 108
"/Users/jerichoyu/Development/Projects/go/aid297/aid/retry/retry_attribute.go", "Go", 19, 0, 0, 0, 0, 0, 0, 0, 0, 0, 0, 0, 0, 0, 0, 0, 10, 29
"/Users/jerichoyu/Development/Projects/go/aid297/aid/retry/retry_test.go", "Go", 40, 0, 0, 0, 0, 0, 0, 0, 0, 0, 0, 0, 0, 0, 0, 0, 8, 48
"/Users/jerichoyu/Development/Projects/go/aid297/aid/rpc/app.go", "Go", 16, 0, 0, 0, 0, 0, 0, 0, 0, 0, 0, 0, 0, 0, 0, 0, 4, 20
"/Users/jerichoyu/Development/Projects/go/aid297/aid/rpc/rpcClient/rpc_client.go", "Go", 34, 0, 0, 0, 0, 0, 0, 0, 0, 0, 0, 0, 0, 0, 0, 0, 9, 43
"/Users/jerichoyu/Development/Projects/go/aid297/aid/rpc/rpcClient/rpc_client_pool.go", "Go", 62, 0, 0, 0, 0, 0, 0, 0, 0, 0, 0, 0, 0, 0, 0, 0, 18, 80
"/Users/jerichoyu/Development/Projects/go/aid297/aid/rpc/rpcClient/rpc_client_test.go", "Go", 22, 0, 0, 0, 0, 0, 0, 0, 0, 0, 0, 0, 0, 0, 0, 0, 7, 29
"/Users/jerichoyu/Development/Projects/go/aid297/aid/rpc/rpcServer/rpc_server.go", "Go", 23, 0, 0, 0, 0, 0, 0, 0, 0, 0, 0, 0, 0, 0, 0, 0, 10, 33
"/Users/jerichoyu/Development/Projects/go/aid297/aid/rpc/rpcServer/rpc_server_pool.go", "Go", 62, 0, 0, 0, 0, 0, 0, 0, 0, 0, 0, 0, 0, 0, 0, 0, 20, 82
"/Users/jerichoyu/Development/Projects/go/aid297/aid/rpc/rpcServer/rpc_server_pool_test.go", "Go", 16, 0, 0, 0, 0, 0, 0, 0, 0, 0, 0, 0, 0, 0, 0, 0, 8, 24
"/Users/jerichoyu/Development/Projects/go/aid297/aid/rpc/rpcServer/rpc_server_test.go", "Go", 27, 0, 0, 0, 0, 0, 0, 0, 0, 0, 0, 0, 0, 0, 0, 0, 8, 35
"/Users/jerichoyu/Development/Projects/go/aid297/aid/secret/app.go", "Go", 19, 0, 0, 0, 0, 0, 0, 0, 0, 0, 0, 0, 0, 0, 0, 0, 4, 23
"/Users/jerichoyu/Development/Projects/go/aid297/aid/secret/asymmetric/pem.go", "Go", 64, 0, 0, 0, 0, 0, 0, 0, 0, 0, 0, 0, 0, 0, 0, 13, 24, 101
"/Users/jerichoyu/Development/Projects/go/aid297/aid/secret/asymmetric/rsa.go", "Go", 230, 0, 0, 0, 0, 0, 0, 0, 0, 0, 0, 0, 0, 0, 0, 30, 55, 315
"/Users/jerichoyu/Development/Projects/go/aid297/aid/secret/secret.go", "Go", 134, 0, 0, 0, 0, 0, 0, 0, 0, 0, 0, 0, 0, 0, 0, 8, 27, 169
"/Users/jerichoyu/Development/Projects/go/aid297/aid/secret/symmetric/aes.go", "Go", 102, 0, 0, 0, 0, 0, 0, 0, 0, 0, 0, 0, 0, 0, 0, 21, 34, 157
"/Users/jerichoyu/Development/Projects/go/aid297/aid/secret/symmetric/app.go", "Go", 8, 0, 0, 0, 0, 0, 0, 0, 0, 0, 0, 0, 0, 0, 0, 0, 2, 10
"/Users/jerichoyu/Development/Projects/go/aid297/aid/secret/symmetric/cbc.go", "Go", 101, 0, 0, 0, 0, 0, 0, 0, 0, 0, 0, 0, 0, 0, 0, 0, 20, 121
"/Users/jerichoyu/Development/Projects/go/aid297/aid/secret/symmetric/ecb.go", "Go", 70, 0, 0, 0, 0, 0, 0, 0, 0, 0, 0, 0, 0, 0, 0, 4, 23, 97
"/Users/jerichoyu/Development/Projects/go/aid297/aid/secret/symmetric/ecb_test.go", "Go", 46, 0, 0, 0, 0, 0, 0, 0, 0, 0, 0, 0, 0, 0, 0, 6, 11, 63
"/Users/jerichoyu/Development/Projects/go/aid297/aid/setting/app.go", "Go", 2, 0, 0, 0, 0, 0, 0, 0, 0, 0, 0, 0, 0, 0, 0, 0, 2, 4
"/Users/jerichoyu/Development/Projects/go/aid297/aid/setting/setting.go", "Go", 79, 0, 0, 0, 0, 0, 0, 0, 0, 0, 0, 0, 0, 0, 0, 3, 20, 102
"/Users/jerichoyu/Development/Projects/go/aid297/aid/steam/app.go", "Go", 2, 0, 0, 0, 0, 0, 0, 0, 0, 0, 0, 0, 0, 0, 0, 0, 2, 4
"/Users/jerichoyu/Development/Projects/go/aid297/aid/steam/steam.go", "Go", 42, 0, 0, 0, 0, 0, 0, 0, 0, 0, 0, 0, 0, 0, 0, 2, 10, 54
"/Users/jerichoyu/Development/Projects/go/aid297/aid/steam/steam_attributer.go", "Go", 15, 0, 0, 0, 0, 0, 0, 0, 0, 0, 0, 0, 0, 0, 0, 0, 8, 23
"/Users/jerichoyu/Development/Projects/go/aid297/aid/str/1.html", "HTML", 0, 16, 0, 0, 0, 0, 0, 0, 0, 0, 0, 0, 0, 0, 0, 0, 0, 16
"/Users/jerichoyu/Development/Projects/go/aid297/aid/str/1.md", "Markdown", 0, 0, 5, 0, 0, 0, 0, 0, 0, 0, 0, 0, 0, 0, 0, 0, 4, 9
"/Users/jerichoyu/Development/Projects/go/aid297/aid/str/app.go", "Go", 11, 0, 0, 0, 0, 0, 0, 0, 0, 0, 0, 0, 0, 0, 0, 0, 2, 13
"/Users/jerichoyu/Development/Projects/go/aid297/aid/str/buffer.go", "Go", 184, 0, 0, 0, 0, 0, 0, 0, 0, 0, 0, 0, 0, 0, 0, 17, 38, 239
"/Users/jerichoyu/Development/Projects/go/aid297/aid/str/html.go", "Go", 21, 0, 0, 0, 0, 0, 0, 0, 0, 0, 0, 0, 0, 0, 0, 0, 6, 27
"/Users/jerichoyu/Development/Projects/go/aid297/aid/str/html_attributer.go", "Go", 228, 0, 0, 0, 0, 0, 0, 0, 0, 0, 0, 0, 0, 0, 0, 0, 35, 263
"/Users/jerichoyu/Development/Projects/go/aid297/aid/str/html_test.go", "Go", 38, 0, 0, 0, 0, 0, 0, 0, 0, 0, 0, 0, 0, 0, 0, 0, 4, 42
"/Users/jerichoyu/Development/Projects/go/aid297/aid/str/markdown.go", "Go", 19, 0, 0, 0, 0, 0, 0, 0, 0, 0, 0, 0, 0, 0, 0, 0, 6, 25
"/Users/jerichoyu/Development/Projects/go/aid297/aid/str/markdown_attributer.go", "Go", 54, 0, 0, 0, 0, 0, 0, 0, 0, 0, 0, 0, 0, 0, 0, 0, 16, 70
"/Users/jerichoyu/Development/Projects/go/aid297/aid/str/markdown_test.go", "Go", 16, 0, 0, 0, 0, 0, 0, 0, 0, 0, 0, 0, 0, 0, 0, 0, 3, 19
"/Users/jerichoyu/Development/Projects/go/aid297/aid/str/rand.go", "Go", 180, 0, 0, 0, 0, 0, 0, 0, 0, 0, 0, 0, 0, 0, 0, 34, 33, 247
"/Users/jerichoyu/Development/Projects/go/aid297/aid/str/regexp.go", "Go", 57, 0, 0, 0, 0, 0, 0, 0, 0, 0, 0, 0, 0, 0, 0, 5, 16, 78
"/Users/jerichoyu/Development/Projects/go/aid297/aid/str/regexp_attributer.go", "Go", 33, 0, 0, 0, 0, 0, 0, 0, 0, 0, 0, 0, 0, 0, 0, 0, 8, 41
"/Users/jerichoyu/Development/Projects/go/aid297/aid/str/regexp_test.go", "Go", 9, 0, 0, 0, 0, 0, 0, 0, 0, 0, 0, 0, 0, 0, 0, 0, 5, 14
"/Users/jerichoyu/Development/Projects/go/aid297/aid/str/terminal.go", "Go", 133, 0, 0, 0, 0, 0, 0, 0, 0, 0, 0, 0, 0, 0, 0, 15, 41, 189
"/Users/jerichoyu/Development/Projects/go/aid297/aid/str/transfer.go", "Go", 142, 0, 0, 0, 0, 0, 0, 0, 0, 0, 0, 0, 0, 0, 0, 33, 44, 219
"/Users/jerichoyu/Development/Projects/go/aid297/aid/time/app.go", "Go", 2, 0, 0, 0, 0, 0, 0, 0, 0, 0, 0, 0, 0, 0, 0, 0, 2, 4
"/Users/jerichoyu/Development/Projects/go/aid297/aid/time/time.go", "Go", 93, 0, 0, 0, 0, 0, 0, 0, 0, 0, 0, 0, 0, 0, 0, 16, 26, 135
"/Users/jerichoyu/Development/Projects/go/aid297/aid/validator/errors.go", "Go", 100, 0, 0, 0, 0, 0, 0, 0, 0, 0, 0, 0, 0, 0, 0, 0, 38, 138
"/Users/jerichoyu/Development/Projects/go/aid297/aid/validator/validator.go", "Go", 206, 0, 0, 0, 0, 0, 0, 0, 0, 0, 0, 0, 0, 0, 0, 14, 45, 265
"/Users/jerichoyu/Development/Projects/go/aid297/aid/validator/validatorV2/app.go", "Go", 5, 0, 0, 0, 0, 0, 0, 0, 0, 0, 0, 0, 0, 0, 0, 0, 2, 7
"/Users/jerichoyu/Development/Projects/go/aid297/aid/validator/validatorV2/checker_base.go", "Go", 4, 0, 0, 0, 0, 0, 0, 0, 0, 0, 0, 0, 0, 0, 0, 0, 2, 6
"/Users/jerichoyu/Development/Projects/go/aid297/aid/validator/validatorV2/checker_bool.go", "Go", 34, 0, 0, 0, 0, 0, 0, 0, 0, 0, 0, 0, 0, 0, 0, 0, 8, 42
"/Users/jerichoyu/Development/Projects/go/aid297/aid/validator/validatorV2/checker_bool_ptr.go", "Go", 34, 0, 0, 0, 0, 0, 0, 0, 0, 0, 0, 0, 0, 0, 0, 0, 8, 42
"/Users/jerichoyu/Development/Projects/go/aid297/aid/validator/validatorV2/checker_float64.go", "Go", 61, 0, 0, 0, 0, 0, 0, 0, 0, 0, 0, 0, 0, 0, 0, 0, 13, 74
"/Users/jerichoyu/Development/Projects/go/aid297/aid/validator/validatorV2/checker_float64_ptr.go", "Go", 61, 0, 0, 0, 0, 0, 0, 0, 0, 0, 0, 0, 0, 0, 0, 0, 13, 74
"/Users/jerichoyu/Development/Projects/go/aid297/aid/validator/validatorV2/checker_int64.go", "Go", 61, 0, 0, 0, 0, 0, 0, 0, 0, 0, 0, 0, 0, 0, 0, 0, 13, 74
"/Users/jerichoyu/Development/Projects/go/aid297/aid/validator/validatorV2/checker_int64_ptr.go", "Go", 61, 0, 0, 0, 0, 0, 0, 0, 0, 0, 0, 0, 0, 0, 0, 0, 13, 74
"/Users/jerichoyu/Development/Projects/go/aid297/aid/validator/validatorV2/checker_slice.go", "Go", 61, 0, 0, 0, 0, 0, 0, 0, 0, 0, 0, 0, 0, 0, 0, 0, 13, 74
"/Users/jerichoyu/Development/Projects/go/aid297/aid/validator/validatorV2/checker_slice_ptr.go", "Go", 61, 0, 0, 0, 0, 0, 0, 0, 0, 0, 0, 0, 0, 0, 0, 0, 13, 74
"/Users/jerichoyu/Development/Projects/go/aid297/aid/validator/validatorV2/checker_string.go", "Go", 71, 0, 0, 0, 0, 0, 0, 0, 0, 0, 0, 0, 0, 0, 0, 0, 17, 88
"/Users/jerichoyu/Development/Projects/go/aid297/aid/validator/validatorV2/checker_string_ptr.go", "Go", 69, 0, 0, 0, 0, 0, 0, 0, 0, 0, 0, 0, 0, 0, 0, 0, 15, 84
"/Users/jerichoyu/Development/Projects/go/aid297/aid/validator/validatorV2/checker_uint64.go", "Go", 61, 0, 0, 0, 0, 0, 0, 0, 0, 0, 0, 0, 0, 0, 0, 0, 13, 74
"/Users/jerichoyu/Development/Projects/go/aid297/aid/validator/validatorV2/checker_uint64_ptr.go", "Go", 61, 0, 0, 0, 0, 0, 0, 0, 0, 0, 0, 0, 0, 0, 0, 0, 13, 74
"/Users/jerichoyu/Development/Projects/go/aid297/aid/validator/validatorV2/errors.go", "Go", 13, 0, 0, 0, 0, 0, 0, 0, 0, 0, 0, 0, 0, 0, 0, 0, 3, 16
"/Users/jerichoyu/Development/Projects/go/aid297/aid/validator/validatorV2/validator.go", "Go", 89, 0, 0, 0, 0, 0, 0, 0, 0, 0, 0, 0, 0, 0, 0, 1, 25, 115
"/Users/jerichoyu/Development/Projects/go/aid297/aid/validator/validatorV2/validator_field.go", "Go", 438, 0, 0, 0, 0, 0, 0, 0, 0, 0, 0, 0, 0, 0, 0, 0, 103, 541
"/Users/jerichoyu/Development/Projects/go/aid297/aid/validator/validatorV2/validator_test.go", "Go", 24, 0, 0, 0, 0, 0, 0, 0, 0, 0, 0, 0, 0, 0, 0, 0, 6, 30
"/Users/jerichoyu/Development/Projects/go/aid297/aid/validator/validator_check_float.go", "Go", 125, 0, 0, 0, 0, 0, 0, 0, 0, 0, 0, 0, 0, 0, 0, 2, 11, 138
"/Users/jerichoyu/Development/Projects/go/aid297/aid/validator/validator_check_int.go", "Go", 281, 0, 0, 0, 0, 0, 0, 0, 0, 0, 0, 0, 0, 0, 0, 5, 20, 306
"/Users/jerichoyu/Development/Projects/go/aid297/aid/validator/validator_check_string.go", "Go", 263, 0, 0, 0, 0, 0, 0, 0, 0, 0, 0, 0, 0, 0, 0, 1, 7, 271
"/Users/jerichoyu/Development/Projects/go/aid297/aid/validator/validator_check_time.go", "Go", 18, 0, 0, 0, 0, 0, 0, 0, 0, 0, 0, 0, 0, 0, 0, 0, 5, 23
"/Users/jerichoyu/Development/Projects/go/aid297/aid/validator/validator_check_uint.go", "Go", 281, 0, 0, 0, 0, 0, 0, 0, 0, 0, 0, 0, 0, 0, 0, 5, 20, 306
"/Users/jerichoyu/Development/Projects/go/aid297/aid/validator/validator_test.go", "Go", 54, 0, 0, 0, 0, 0, 0, 0, 0, 0, 0, 0, 0, 0, 0, 2, 6, 62
"/Users/jerichoyu/Development/Projects/go/aid297/aid/web/backend/aid-web-backend-fiber/api/httpAPI/v1HttpAPI/uuid.api.go", "Go", 72, 0, 0, 0, 0, 0, 0, 0, 0, 0, 0, 0, 0, 0, 0, 2, 16, 90
"/Users/jerichoyu/Development/Projects/go/aid297/aid/web/backend/aid-web-backend-fiber/command/web_service.cmd.go", "Go", 25, 0, 0, 0, 0, 0, 0, 0, 0, 0, 0, 0, 0, 0, 0, 2, 9, 36
"/Users/jerichoyu/Development/Projects/go/aid297/aid/web/backend/aid-web-backend-fiber/global/constants.go", "Go", 4, 0, 0, 0, 0, 0, 0, 0, 0, 0, 0, 0, 0, 0, 0, 0, 2, 6
"/Users/jerichoyu/Development/Projects/go/aid297/aid/web/backend/aid-web-backend-fiber/global/global.go", "Go", 11, 0, 0, 0, 0, 0, 0, 0, 0, 0, 0, 0, 0, 0, 0, 0, 4, 15
"/Users/jerichoyu/Development/Projects/go/aid297/aid/web/backend/aid-web-backend-fiber/go.mod", "Go Module File", 0, 0, 0, 0, 0, 0, 0, 64, 0, 0, 0, 0, 0, 0, 0, 0, 4, 68
"/Users/jerichoyu/Development/Projects/go/aid297/aid/web/backend/aid-web-backend-fiber/go.sum", "Go Checksum File", 0, 0, 0, 0, 0, 238, 0, 0, 0, 0, 0, 0, 0, 0, 0, 0, 1, 239
"/Users/jerichoyu/Development/Projects/go/aid297/aid/web/backend/aid-web-backend-fiber/initialize/setting.init.go", "Go", 35, 0, 0, 0, 0, 0, 0, 0, 0, 0, 0, 0, 0, 0, 0, 0, 9, 44
"/Users/jerichoyu/Development/Projects/go/aid297/aid/web/backend/aid-web-backend-fiber/initialize/zap.init.go", "Go", 36, 0, 0, 0, 0, 0, 0, 0, 0, 0, 0, 0, 0, 0, 0, 0, 9, 45
"/Users/jerichoyu/Development/Projects/go/aid297/aid/web/backend/aid-web-backend-fiber/main.go", "Go", 42, 0, 0, 0, 0, 0, 0, 0, 0, 0, 0, 0, 0, 0, 0, 1, 11, 54
"/Users/jerichoyu/Development/Projects/go/aid297/aid/web/backend/aid-web-backend-fiber/middleware/cors.mw.go", "Go", 15, 0, 0, 0, 0, 0, 0, 0, 0, 0, 0, 0, 0, 0, 0, 0, 3, 18
"/Users/jerichoyu/Development/Projects/go/aid297/aid/web/backend/aid-web-backend-fiber/module/httpRequest/v1HTTPRequest/uuid_generate.req.go", "Go", 24, 0, 0, 0, 0, 0, 0, 0, 0, 0, 0, 0, 0, 0, 0, 0, 6, 30
"/Users/jerichoyu/Development/Projects/go/aid297/aid/web/backend/aid-web-backend-fiber/module/httpResponse/health.res.go", "Go", 5, 0, 0, 0, 0, 0, 0, 0, 0, 0, 0, 0, 0, 0, 0, 0, 2, 7
"/Users/jerichoyu/Development/Projects/go/aid297/aid/web/backend/aid-web-backend-fiber/module/httpResponse/response.go", "Go", 57, 0, 0, 0, 0, 0, 0, 0, 0, 0, 0, 0, 0, 0, 0, 0, 13, 70
"/Users/jerichoyu/Development/Projects/go/aid297/aid/web/backend/aid-web-backend-fiber/module/httpResponse/response_attributer.go", "Go", 50, 0, 0, 0, 0, 0, 0, 0, 0, 0, 0, 0, 0, 0, 0, 0, 8, 58
"/Users/jerichoyu/Development/Projects/go/aid297/aid/web/backend/aid-web-backend-fiber/module/httpResponse/v1HTTPResponse/uuid_generate.res.go", "Go", 4, 0, 0, 0, 0, 0, 0, 0, 0, 0, 0, 0, 0, 0, 0, 0, 2, 6
"/Users/jerichoyu/Development/Projects/go/aid297/aid/web/backend/aid-web-backend-fiber/module/httpResponse/v1HTTPResponse/uuid_versions.res.go", "Go", 5, 0, 0, 0, 0, 0, 0, 0, 0, 0, 0, 0, 0, 0, 0, 0, 3, 8
"/Users/jerichoyu/Development/Projects/go/aid297/aid/web/backend/aid-web-backend-fiber/route/httpRoute/v1HTTPRoute/uuid.rout.go", "Go", 14, 0, 0, 0, 0, 0, 0, 0, 0, 0, 0, 0, 0, 0, 0, 0, 6, 20
"/Users/jerichoyu/Development/Projects/go/aid297/aid/web/backend/aid-web-backend-fiber/route/index.rout.go", "Go", 43, 0, 0, 0, 0, 0, 0, 0, 0, 0, 0, 0, 0, 0, 0, 1, 12, 56
"/Users/jerichoyu/Development/Projects/go/aid297/aid/web/backend/aid-web-backend-fiber/setting.json", "JSON", 0, 0, 0, 0, 0, 0, 24, 0, 0, 0, 0, 0, 0, 0, 0, 0, 0, 24
"/Users/jerichoyu/Development/Projects/go/aid297/aid/web/backend/aid-web-backend-fiber/setting/log.set.go", "Go", 5, 0, 0, 0, 0, 0, 0, 0, 0, 0, 0, 0, 0, 0, 0, 0, 2, 7
"/Users/jerichoyu/Development/Projects/go/aid297/aid/web/backend/aid-web-backend-fiber/setting/setting.go", "Go", 6, 0, 0, 0, 0, 0, 0, 0, 0, 0, 0, 0, 0, 0, 0, 0, 2, 8
"/Users/jerichoyu/Development/Projects/go/aid297/aid/web/backend/aid-web-backend-fiber/setting/system.set.go", "Go", 6, 0, 0, 0, 0, 0, 0, 0, 0, 0, 0, 0, 0, 0, 0, 0, 2, 8
"/Users/jerichoyu/Development/Projects/go/aid297/aid/web/backend/aid-web-backend-fiber/setting/web_service.set.go", "Go", 5, 0, 0, 0, 0, 0, 0, 0, 0, 0, 0, 0, 0, 0, 0, 0, 2, 7
"/Users/jerichoyu/Development/Projects/go/aid297/aid/web/backend/aid-web-backend-fiber/setting/zap.set.go", "Go", 11, 0, 0, 0, 0, 0, 0, 0, 0, 0, 0, 0, 0, 0, 0, 0, 2, 13
"/Users/jerichoyu/Development/Projects/go/aid297/aid/web/backend/aid-web-backend-gin/api/httpAPI/app.go", "Go", 4, 0, 0, 0, 0, 0, 0, 0, 0, 0, 0, 0, 0, 0, 0, 0, 2, 6
"/Users/jerichoyu/Development/Projects/go/aid297/aid/web/backend/aid-web-backend-gin/api/httpAPI/health.api.go", "Go", 56, 0, 0, 0, 0, 0, 0, 0, 0, 0, 0, 0, 0, 0, 0, 6, 9, 71
"/Users/jerichoyu/Development/Projects/go/aid297/aid/web/backend/aid-web-backend-gin/api/httpAPI/v1HTTPAPI/app.go", "Go", 5, 0, 0, 0, 0, 0, 0, 0, 0, 0, 0, 0, 0, 0, 0, 0, 2, 7
"/Users/jerichoyu/Development/Projects/go/aid297/aid/web/backend/aid-web-backend-gin/api/httpAPI/v1HTTPAPI/rezip.api.go", "Go", 98, 0, 0, 0, 0, 0, 0, 0, 0, 0, 0, 0, 0, 0, 0, 9, 20, 127
"/Users/jerichoyu/Development/Projects/go/aid297/aid/web/backend/aid-web-backend-gin/api/httpAPI/v1HTTPAPI/uuid.api.go", "Go", 45, 0, 0, 0, 0, 0, 0, 0, 0, 0, 0, 0, 0, 0, 0, 4, 11, 60
"/Users/jerichoyu/Development/Projects/go/aid297/aid/web/backend/aid-web-backend-gin/command/help.cmd.go", "Go", 33, 0, 0, 0, 0, 0, 0, 0, 0, 0, 0, 0, 0, 0, 0, 0, 5, 38
"/Users/jerichoyu/Development/Projects/go/aid297/aid/web/backend/aid-web-backend-gin/command/web_service.cmd.go", "Go", 26, 0, 0, 0, 0, 0, 0, 0, 0, 0, 0, 0, 0, 0, 0, 1, 9, 36
"/Users/jerichoyu/Development/Projects/go/aid297/aid/web/backend/aid-web-backend-gin/config.release.yaml", "YAML", 0, 0, 0, 26, 0, 0, 0, 0, 0, 0, 0, 0, 0, 0, 0, 0, 1, 27
"/Users/jerichoyu/Development/Projects/go/aid297/aid/web/backend/aid-web-backend-gin/config/config.cfg.go", "Go", 7, 0, 0, 0, 0, 0, 0, 0, 0, 0, 0, 0, 0, 0, 0, 1, 2, 10
"/Users/jerichoyu/Development/Projects/go/aid297/aid/web/backend/aid-web-backend-gin/config/daemon_log.cfg.go", "Go", 5, 0, 0, 0, 0, 0, 0, 0, 0, 0, 0, 0, 0, 0, 0, 0, 2, 7
"/Users/jerichoyu/Development/Projects/go/aid297/aid/web/backend/aid-web-backend-gin/config/log.cfg.go", "Go", 5, 0, 0, 0, 0, 0, 0, 0, 0, 0, 0, 0, 0, 0, 0, 0, 2, 7
"/Users/jerichoyu/Development/Projects/go/aid297/aid/web/backend/aid-web-backend-gin/config/rezip.cfg.go", "Go", 4, 0, 0, 0, 0, 0, 0, 0, 0, 0, 0, 0, 0, 0, 0, 1, 2, 7
"/Users/jerichoyu/Development/Projects/go/aid297/aid/web/backend/aid-web-backend-gin/config/system.cfg.go", "Go", 7, 0, 0, 0, 0, 0, 0, 0, 0, 0, 0, 0, 0, 0, 0, 1, 2, 10
"/Users/jerichoyu/Development/Projects/go/aid297/aid/web/backend/aid-web-backend-gin/config/web_service.cfg.go", "Go", 12, 0, 0, 0, 0, 0, 0, 0, 0, 0, 0, 0, 0, 0, 0, 0, 3, 15
"/Users/jerichoyu/Development/Projects/go/aid297/aid/web/backend/aid-web-backend-gin/config/zap.cfg.go", "Go", 11, 0, 0, 0, 0, 0, 0, 0, 0, 0, 0, 0, 0, 0, 0, 0, 2, 13
"/Users/jerichoyu/Development/Projects/go/aid297/aid/web/backend/aid-web-backend-gin/global/consts.go", "Go", 4, 0, 0, 0, 0, 0, 0, 0, 0, 0, 0, 0, 0, 0, 0, 0, 2, 6
"/Users/jerichoyu/Development/Projects/go/aid297/aid/web/backend/aid-web-backend-gin/global/global.go", "Go", 9, 0, 0, 0, 0, 0, 0, 0, 0, 0, 0, 0, 0, 0, 0, 0, 4, 13
"/Users/jerichoyu/Development/Projects/go/aid297/aid/web/backend/aid-web-backend-gin/initialize/config.init.go", "Go", 24, 0, 0, 0, 0, 0, 0, 0, 0, 0, 0, 0, 0, 0, 0, 0, 6, 30
"/Users/jerichoyu/Development/Projects/go/aid297/aid/web/backend/aid-web-backend-gin/initialize/timezone.init.go", "Go", 19, 0, 0, 0, 0, 0, 0, 0, 0, 0, 0, 0, 0, 0, 0, 0, 7, 26
"/Users/jerichoyu/Development/Projects/go/aid297/aid/web/backend/aid-web-backend-gin/initialize/zap.init.go", "Go", 36, 0, 0, 0, 0, 0, 0, 0, 0, 0, 0, 0, 0, 0, 0, 0, 8, 44
"/Users/jerichoyu/Development/Projects/go/aid297/aid/web/backend/aid-web-backend-gin/main.go", "Go", 60, 0, 0, 0, 0, 0, 0, 0, 0, 0, 0, 0, 0, 0, 0, 1, 14, 75
"/Users/jerichoyu/Development/Projects/go/aid297/aid/web/backend/aid-web-backend-gin/middleware/httpMiddleware/recover_hander.mw.go", "Go", 19, 0, 0, 0, 0, 0, 0, 0, 0, 0, 0, 0, 0, 0, 0, 0, 7, 26
"/Users/jerichoyu/Development/Projects/go/aid297/aid/web/backend/aid-web-backend-gin/middleware/httpMiddleware/v1HTTPMiddleware/core.mw.go", "Go", 16, 0, 0, 0, 0, 0, 0, 0, 0, 0, 0, 0, 0, 0, 0, 1, 4, 21
"/Users/jerichoyu/Development/Projects/go/aid297/aid/web/backend/aid-web-backend-gin/middleware/httpMiddleware/v1HTTPMiddleware/timeout.mw.go", "Go", 20, 0, 0, 0, 0, 0, 0, 0, 0, 0, 0, 0, 0, 0, 0, 0, 4, 24
"/Users/jerichoyu/Development/Projects/go/aid297/aid/web/backend/aid-web-backend-gin/module/httpModule/health.mod.go", "Go", 37, 0, 0, 0, 0, 0, 0, 0, 0, 0, 0, 0, 0, 0, 0, 0, 8, 45
"/Users/jerichoyu/Development/Projects/go/aid297/aid/web/backend/aid-web-backend-gin/module/httpModule/http_response.mod.go", "Go", 117, 0, 0, 0, 0, 0, 0, 0, 0, 0, 0, 0, 0, 0, 0, 2, 20, 139
"/Users/jerichoyu/Development/Projects/go/aid297/aid/web/backend/aid-web-backend-gin/module/httpModule/v1HTTPModule/request/uuid_generate.req.go", "Go", 24, 0, 0, 0, 0, 0, 0, 0, 0, 0, 0, 0, 0, 0, 0, 0, 7, 31
"/Users/jerichoyu/Development/Projects/go/aid297/aid/web/backend/aid-web-backend-gin/module/httpModule/v1HTTPModule/response/uuid_generate.res.go", "Go", 9, 0, 0, 0, 0, 0, 0, 0, 0, 0, 0, 0, 0, 0, 0, 0, 5, 14
"/Users/jerichoyu/Development/Projects/go/aid297/aid/web/backend/aid-web-backend-gin/module/httpModule/v1HTTPModule/response/uuid_version.res.go", "Go", 4, 0, 0, 0, 0, 0, 0, 0, 0, 0, 0, 0, 0, 0, 0, 0, 2, 6
"/Users/jerichoyu/Development/Projects/go/aid297/aid/web/backend/aid-web-backend-gin/route/httpRoute/v1HTTPRoute/rezip.rout.go", "Go", 13, 0, 0, 0, 0, 0, 0, 0, 0, 0, 0, 0, 0, 0, 0, 0, 6, 19
"/Users/jerichoyu/Development/Projects/go/aid297/aid/web/backend/aid-web-backend-gin/route/httpRoute/v1HTTPRoute/uuid.rout.go", "Go", 18, 0, 0, 0, 0, 0, 0, 0, 0, 0, 0, 0, 0, 0, 0, 0, 6, 24
"/Users/jerichoyu/Development/Projects/go/aid297/aid/web/backend/aid-web-backend-gin/route/index.rout.go", "Go", 33, 0, 0, 0, 0, 0, 0, 0, 0, 0, 0, 0, 0, 0, 0, 0, 11, 44
"/Users/jerichoyu/Development/Projects/go/aid297/aid/web/backend/aid-web-backend-gin/service/httpService/v1HTTPService/uuid.srv.go", "Go", 39, 0, 0, 0, 0, 0, 0, 0, 0, 0, 0, 0, 0, 0, 0, 1, 12, 52
"/Users/jerichoyu/Development/Projects/go/aid297/aid/web/backend/hr-excel-util/9.annualVacation.json", "JSON", 0, 0, 0, 0, 0, 0, 3, 0, 0, 0, 0, 0, 0, 0, 0, 0, 0, 3
"/Users/jerichoyu/Development/Projects/go/aid297/aid/web/backend/hr-excel-util/9.workday.json", "JSON", 0, 0, 0, 0, 0, 0, 3, 0, 0, 0, 0, 0, 0, 0, 0, 0, 0, 3
"/Users/jerichoyu/Development/Projects/go/aid297/aid/web/backend/hr-excel-util/9.时间统计模块.json", "JSON", 0, 0, 0, 0, 0, 0, 53982, 0, 0, 0, 0, 0, 0, 0, 0, 0, 0, 53982
"/Users/jerichoyu/Development/Projects/go/aid297/aid/web/backend/hr-excel-util/9.月度汇总.json", "JSON", 0, 0, 0, 0, 0, 0, 4650, 0, 0, 0, 0, 0, 0, 0, 0, 0, 0, 4650
"/Users/jerichoyu/Development/Projects/go/aid297/aid/web/backend/hr-excel-util/9.每日统计.json", "JSON", 0, 0, 0, 0, 0, 0, 126112, 0, 0, 0, 0, 0, 0, 0, 0, 0, 0, 126112
"/Users/jerichoyu/Development/Projects/go/aid297/aid/web/backend/hr-excel-util/README.md", "Markdown", 0, 0, 10, 0, 0, 0, 0, 0, 0, 0, 0, 0, 0, 0, 0, 0, 6, 16
"/Users/jerichoyu/Development/Projects/go/aid297/aid/web/backend/hr-excel-util/bun.lock", "JSON with Comments", 0, 0, 0, 0, 0, 0, 0, 0, 0, 23, 0, 0, 0, 0, 0, 0, 7, 30
"/Users/jerichoyu/Development/Projects/go/aid297/aid/web/backend/hr-excel-util/excel/reader/reader.ts", "TypeScript", 0, 0, 0, 0, 0, 0, 0, 0, 47, 0, 0, 0, 0, 0, 0, 1, 12, 60
"/Users/jerichoyu/Development/Projects/go/aid297/aid/web/backend/hr-excel-util/index.ts", "TypeScript", 0, 0, 0, 0, 0, 0, 0, 0, 85, 0, 0, 0, 0, 0, 0, 39, 27, 151
"/Users/jerichoyu/Development/Projects/go/aid297/aid/web/backend/hr-excel-util/modules/checking.module.ts", "TypeScript", 0, 0, 0, 0, 0, 0, 0, 0, 0, 0, 0, 0, 0, 0, 0, 0, 1, 1
"/Users/jerichoyu/Development/Projects/go/aid297/aid/web/backend/hr-excel-util/modules/event.module.ts", "TypeScript", 0, 0, 0, 0, 0, 0, 0, 0, 22, 0, 0, 0, 0, 0, 0, 0, 2, 24
"/Users/jerichoyu/Development/Projects/go/aid297/aid/web/backend/hr-excel-util/modules/statistic.module.ts", "TypeScript", 0, 0, 0, 0, 0, 0, 0, 0, 127, 0, 0, 0, 0, 0, 0, 38, 23, 188
"/Users/jerichoyu/Development/Projects/go/aid297/aid/web/backend/hr-excel-util/package.json", "JSON", 0, 0, 0, 0, 0, 0, 18, 0, 0, 0, 0, 0, 0, 0, 0, 0, 1, 19
"/Users/jerichoyu/Development/Projects/go/aid297/aid/web/backend/hr-excel-util/tsconfig.json", "JSON with Comments", 0, 0, 0, 0, 0, 0, 0, 0, 0, 23, 0, 0, 0, 0, 0, 4, 0, 27
"/Users/jerichoyu/Development/Projects/go/aid297/aid/web/backend/hr-excel-util/utils.ts", "TypeScript", 0, 0, 0, 0, 0, 0, 0, 0, 2, 0, 0, 0, 0, 0, 0, 0, 2, 4
"/Users/jerichoyu/Development/Projects/go/aid297/aid/web/frontend/aid-web-frontend/.VSCodeCounter/2025-11-17_17-21-51/details.md", "Markdown", 0, 0, 55, 0, 0, 0, 0, 0, 0, 0, 0, 0, 0, 0, 0, 0, 6, 61
"/Users/jerichoyu/Development/Projects/go/aid297/aid/web/frontend/aid-web-frontend/.VSCodeCounter/2025-11-17_17-21-51/diff-details.md", "Markdown", 0, 0, 9, 0, 0, 0, 0, 0, 0, 0, 0, 0, 0, 0, 0, 0, 6, 15
"/Users/jerichoyu/Development/Projects/go/aid297/aid/web/frontend/aid-web-frontend/.VSCodeCounter/2025-11-17_17-21-51/diff.csv", "CSV", 0, 0, 0, 0, 0, 0, 0, 0, 0, 0, 0, 2, 0, 0, 0, 0, 0, 2
"/Users/jerichoyu/Development/Projects/go/aid297/aid/web/frontend/aid-web-frontend/.VSCodeCounter/2025-11-17_17-21-51/diff.md", "Markdown", 0, 0, 12, 0, 0, 0, 0, 0, 0, 0, 0, 0, 0, 0, 0, 0, 7, 19
"/Users/jerichoyu/Development/Projects/go/aid297/aid/web/frontend/aid-web-frontend/.VSCodeCounter/2025-11-17_17-21-51/results.csv", "CSV", 0, 0, 0, 0, 0, 0, 0, 0, 0, 0, 0, 48, 0, 0, 0, 0, 0, 48
"/Users/jerichoyu/Development/Projects/go/aid297/aid/web/frontend/aid-web-frontend/.VSCodeCounter/2025-11-17_17-21-51/results.json", "JSON", 0, 0, 0, 0, 0, 0, 1, 0, 0, 0, 0, 0, 0, 0, 0, 0, 0, 1
"/Users/jerichoyu/Development/Projects/go/aid297/aid/web/frontend/aid-web-frontend/.VSCodeCounter/2025-11-17_17-21-51/results.md", "Markdown", 0, 0, 37, 0, 0, 0, 0, 0, 0, 0, 0, 0, 0, 0, 0, 0, 7, 44
"/Users/jerichoyu/Development/Projects/go/aid297/aid/web/frontend/aid-web-frontend/.prettierrc.json", "JSON", 0, 0, 0, 0, 0, 0, 17, 0, 0, 0, 0, 0, 0, 0, 0, 0, 0, 17
"/Users/jerichoyu/Development/Projects/go/aid297/aid/web/frontend/aid-web-frontend/README.md", "Markdown", 0, 0, 30, 0, 0, 0, 0, 0, 0, 0, 0, 0, 0, 0, 0, 0, 14, 44
"/Users/jerichoyu/Development/Projects/go/aid297/aid/web/frontend/aid-web-frontend/eslint.config.js", "JavaScript", 0, 0, 0, 0, 0, 0, 0, 0, 0, 0, 41, 0, 0, 0, 0, 23, 10, 74
"/Users/jerichoyu/Development/Projects/go/aid297/aid/web/frontend/aid-web-frontend/index.html", "HTML", 0, 18, 0, 0, 0, 0, 0, 0, 0, 0, 0, 0, 0, 0, 0, 1, 4, 23
"/Users/jerichoyu/Development/Projects/go/aid297/aid/web/frontend/aid-web-frontend/jsconfig.json", "JSON with Comments", 0, 0, 0, 0, 0, 0, 0, 0, 0, 3, 0, 0, 0, 0, 0, 0, 1, 4
"/Users/jerichoyu/Development/Projects/go/aid297/aid/web/frontend/aid-web-frontend/package.json", "JSON", 0, 0, 0, 0, 0, 0, 57, 0, 0, 0, 0, 0, 0, 0, 0, 0, 0, 57
"/Users/jerichoyu/Development/Projects/go/aid297/aid/web/frontend/aid-web-frontend/postcss.config.js", "JavaScript", 0, 0, 0, 0, 0, 0, 0, 0, 0, 0, 8, 0, 0, 0, 0, 9, 4, 21
"/Users/jerichoyu/Development/Projects/go/aid297/aid/web/frontend/aid-web-frontend/quasar.config.js", "JavaScript", 0, 0, 0, 0, 0, 0, 0, 0, 0, 0, 70, 0, 0, 0, 0, 108, 39, 217
"/Users/jerichoyu/Development/Projects/go/aid297/aid/web/frontend/aid-web-frontend/src/App.vue", "vue", 0, 0, 0, 0, 0, 0, 0, 0, 0, 0, 0, 0, 0, 6, 0, 0, 2, 8
"/Users/jerichoyu/Development/Projects/go/aid297/aid/web/frontend/aid-web-frontend/src/assets/quasar-logo-vertical.svg", "XML", 0, 0, 0, 0, 0, 0, 0, 0, 0, 0, 0, 0, 15, 0, 0, 0, 0, 15
"/Users/jerichoyu/Development/Projects/go/aid297/aid/web/frontend/aid-web-frontend/src/components/DateListCom.vue", "vue", 0, 0, 0, 0, 0, 0, 0, 0, 0, 0, 0, 0, 0, 10, 0, 0, 2, 12
"/Users/jerichoyu/Development/Projects/go/aid297/aid/web/frontend/aid-web-frontend/src/components/EssentialLink.vue", "vue", 0, 0, 0, 0, 0, 0, 0, 0, 0, 0, 0, 0, 0, 31, 0, 0, 6, 37
"/Users/jerichoyu/Development/Projects/go/aid297/aid/web/frontend/aid-web-frontend/src/css/app.scss", "SCSS", 0, 0, 0, 0, 0, 0, 0, 0, 0, 0, 0, 0, 0, 0, 0, 1, 1, 2
"/Users/jerichoyu/Development/Projects/go/aid297/aid/web/frontend/aid-web-frontend/src/css/quasar.variables.scss", "SCSS", 0, 0, 0, 0, 0, 0, 0, 0, 0, 0, 0, 0, 0, 0, 9, 10, 7, 26
"/Users/jerichoyu/Development/Projects/go/aid297/aid/web/frontend/aid-web-frontend/src/layouts/MainLayout.vue", "vue", 0, 0, 0, 0, 0, 0, 0, 0, 0, 0, 0, 0, 0, 89, 0, 6, 21, 116
"/Users/jerichoyu/Development/Projects/go/aid297/aid/web/frontend/aid-web-frontend/src/modules/clockInModule.js", "JavaScript", 0, 0, 0, 0, 0, 0, 0, 0, 0, 0, 98, 0, 0, 0, 0, 4, 13, 115
"/Users/jerichoyu/Development/Projects/go/aid297/aid/web/frontend/aid-web-frontend/src/modules/collectModule.js", "JavaScript", 0, 0, 0, 0, 0, 0, 0, 0, 0, 0, 225, 0, 0, 0, 0, 14, 19, 258
"/Users/jerichoyu/Development/Projects/go/aid297/aid/web/frontend/aid-web-frontend/src/modules/dateTitleModule.js", "JavaScript", 0, 0, 0, 0, 0, 0, 0, 0, 0, 0, 64, 0, 0, 0, 0, 3, 8, 75
"/Users/jerichoyu/Development/Projects/go/aid297/aid/web/frontend/aid-web-frontend/src/modules/everydayModule.js", "JavaScript", 0, 0, 0, 0, 0, 0, 0, 0, 0, 0, 28, 0, 0, 0, 0, 0, 9, 37
"/Users/jerichoyu/Development/Projects/go/aid297/aid/web/frontend/aid-web-frontend/src/modules/paymentModule.js", "JavaScript", 0, 0, 0, 0, 0, 0, 0, 0, 0, 0, 14, 0, 0, 0, 0, 0, 6, 20
"/Users/jerichoyu/Development/Projects/go/aid297/aid/web/frontend/aid-web-frontend/src/modules/statisticModule.js", "JavaScript", 0, 0, 0, 0, 0, 0, 0, 0, 0, 0, 33, 0, 0, 0, 0, 3, 7, 43
"/Users/jerichoyu/Development/Projects/go/aid297/aid/web/frontend/aid-web-frontend/src/pages/Base64ToImagePage.vue", "vue", 0, 0, 0, 0, 0, 0, 0, 0, 0, 0, 0, 0, 0, 238, 0, 0, 26, 264
"/Users/jerichoyu/Development/Projects/go/aid297/aid/web/frontend/aid-web-frontend/src/pages/ClockingInPage.vue", "vue", 0, 0, 0, 0, 0, 0, 0, 0, 0, 0, 0, 0, 0, 445, 0, 0, 59, 504
"/Users/jerichoyu/Development/Projects/go/aid297/aid/web/frontend/aid-web-frontend/src/pages/CodeChangePage.vue", "vue", 0, 0, 0, 0, 0, 0, 0, 0, 0, 0, 0, 0, 0, 481, 0, 0, 66, 547
"/Users/jerichoyu/Development/Projects/go/aid297/aid/web/frontend/aid-web-frontend/src/pages/EncoderPage.vue", "vue", 0, 0, 0, 0, 0, 0, 0, 0, 0, 0, 0, 0, 0, 653, 0, 0, 71, 724
"/Users/jerichoyu/Development/Projects/go/aid297/aid/web/frontend/aid-web-frontend/src/pages/ErrorNotFound.vue", "vue", 0, 0, 0, 0, 0, 0, 0, 0, 0, 0, 0, 0, 0, 12, 0, 0, 4, 16
"/Users/jerichoyu/Development/Projects/go/aid297/aid/web/frontend/aid-web-frontend/src/pages/QRCodePage.vue", "vue", 0, 0, 0, 0, 0, 0, 0, 0, 0, 0, 0, 0, 0, 373, 0, 2, 32, 407
"/Users/jerichoyu/Development/Projects/go/aid297/aid/web/frontend/aid-web-frontend/src/pages/RandStringPage.vue", "vue", 0, 0, 0, 0, 0, 0, 0, 0, 0, 0, 0, 0, 0, 140, 0, 0, 13, 153
"/Users/jerichoyu/Development/Projects/go/aid297/aid/web/frontend/aid-web-frontend/src/pages/RezipPage.vue", "vue", 0, 0, 0, 0, 0, 0, 0, 0, 0, 0, 0, 0, 0, 30, 0, 0, 4, 34
"/Users/jerichoyu/Development/Projects/go/aid297/aid/web/frontend/aid-web-frontend/src/pages/TimeCalculatorPage.vue", "vue", 0, 0, 0, 0, 0, 0, 0, 0, 0, 0, 0, 0, 0, 114, 0, 0, 18, 132
"/Users/jerichoyu/Development/Projects/go/aid297/aid/web/frontend/aid-web-frontend/src/pages/UuidPage.vue", "vue", 0, 0, 0, 0, 0, 0, 0, 0, 0, 0, 0, 0, 0, 85, 0, 1, 8, 94
"/Users/jerichoyu/Development/Projects/go/aid297/aid/web/frontend/aid-web-frontend/src/router/index.js", "JavaScript", 0, 0, 0, 0, 0, 0, 0, 0, 0, 0, 12, 0, 0, 0, 0, 11, 6, 29
"/Users/jerichoyu/Development/Projects/go/aid297/aid/web/frontend/aid-web-frontend/src/router/routes.js", "JavaScript", 0, 0, 0, 0, 0, 0, 0, 0, 0, 0, 22, 0, 0, 0, 0, 6, 3, 31
"/Users/jerichoyu/Development/Projects/go/aid297/aid/web/frontend/aid-web-frontend/src/services/clockInService.js", "JavaScript", 0, 0, 0, 0, 0, 0, 0, 0, 0, 0, 40, 0, 0, 0, 0, 3, 9, 52
"/Users/jerichoyu/Development/Projects/go/aid297/aid/web/frontend/aid-web-frontend/src/services/collectService.js", "JavaScript", 0, 0, 0, 0, 0, 0, 0, 0, 0, 0, 43, 0, 0, 0, 0, 3, 9, 55
"/Users/jerichoyu/Development/Projects/go/aid297/aid/web/frontend/aid-web-frontend/src/services/dateTitleService.js", "JavaScript", 0, 0, 0, 0, 0, 0, 0, 0, 0, 0, 48, 0, 0, 0, 0, 10, 12, 70
"/Users/jerichoyu/Development/Projects/go/aid297/aid/web/frontend/aid-web-frontend/src/services/everydayService.js", "JavaScript", 0, 0, 0, 0, 0, 0, 0, 0, 0, 0, 1, 0, 0, 0, 0, 0, 1, 2
"/Users/jerichoyu/Development/Projects/go/aid297/aid/web/frontend/aid-web-frontend/src/services/statisticService.js", "JavaScript", 0, 0, 0, 0, 0, 0, 0, 0, 0, 0, 180, 0, 0, 0, 0, 25, 34, 239
"/Users/jerichoyu/Development/Projects/go/aid297/aid/web/frontend/aid-web-frontend/src/stores/example-store.js", "JavaScript", 0, 0, 0, 0, 0, 0, 0, 0, 0, 0, 17, 0, 0, 0, 0, 0, 5, 22
"/Users/jerichoyu/Development/Projects/go/aid297/aid/web/frontend/aid-web-frontend/src/stores/finalStatisticStore.js", "JavaScript", 0, 0, 0, 0, 0, 0, 0, 0, 0, 0, 7, 0, 0, 0, 0, 0, 3, 10
"/Users/jerichoyu/Development/Projects/go/aid297/aid/web/frontend/aid-web-frontend/src/stores/index.js", "JavaScript", 0, 0, 0, 0, 0, 0, 0, 0, 0, 0, 6, 0, 0, 0, 0, 10, 5, 21
"/Users/jerichoyu/Development/Projects/go/aid297/aid/web/frontend/aid-web-frontend/src/utils/clipboard.js", "JavaScript", 0, 0, 0, 0, 0, 0, 0, 0, 0, 0, 22, 0, 0, 0, 0, 1, 3, 26
"/Users/jerichoyu/Development/Projects/go/aid297/aid/web/frontend/aid-web-frontend/src/utils/download.js", "JavaScript", 0, 0, 0, 0, 0, 0, 0, 0, 0, 0, 15, 0, 0, 0, 0, 0, 3, 18
"/Users/jerichoyu/Development/Projects/go/aid297/aid/web/frontend/aid-web-frontend/src/utils/fetch.js", "JavaScript", 0, 0, 0, 0, 0, 0, 0, 0, 0, 0, 66, 0, 0, 0, 0, 0, 12, 78
"/Users/jerichoyu/Development/Projects/go/aid297/aid/web/frontend/aid-web-frontend/src/utils/notify.js", "JavaScript", 0, 0, 0, 0, 0, 0, 0, 0, 0, 0, 10, 0, 0, 0, 0, 0, 3, 13
"/Users/jerichoyu/Development/Projects/go/aid297/aid/web/frontend/aid-web-frontend/src/utils/str.js", "JavaScript", 0, 0, 0, 0, 0, 0, 0, 0, 0, 0, 21, 0, 0, 0, 0, 14, 8, 43
"/Users/jerichoyu/Development/Projects/go/aid297/aid/websocketPool/app.go", "Go", 10, 0, 0, 0, 0, 0, 0, 0, 0, 0, 0, 0, 0, 0, 0, 0, 2, 12
"/Users/jerichoyu/Development/Projects/go/aid297/aid/websocketPool/client.go", "Go", 105, 0, 0, 0, 0, 0, 0, 0, 0, 0, 0, 0, 0, 0, 0, 8, 20, 133
"/Users/jerichoyu/Development/Projects/go/aid297/aid/websocketPool/client_instance.go", "Go", 100, 0, 0, 0, 0, 0, 0, 0, 0, 0, 0, 0, 0, 0, 0, 12, 21, 133
"/Users/jerichoyu/Development/Projects/go/aid297/aid/websocketPool/client_pool.go", "Go", 137, 0, 0, 0, 0, 0, 0, 0, 0, 0, 0, 0, 0, 0, 0, 16, 37, 190
"/Users/jerichoyu/Development/Projects/go/aid297/aid/websocketPool/client_test.go", "Go", 25, 0, 0, 0, 0, 0, 0, 0, 0, 0, 0, 0, 0, 0, 0, 0, 6, 31
"/Users/jerichoyu/Development/Projects/go/aid297/aid/websocketPool/common.go", "Go", 28, 0, 0, 0, 0, 0, 0, 0, 0, 0, 0, 0, 0, 0, 0, 0, 11, 39
"/Users/jerichoyu/Development/Projects/go/aid297/aid/websocketPool/demo.go", "Go", 142, 0, 0, 0, 0, 0, 0, 0, 0, 0, 0, 0, 0, 0, 0, 0, 21, 163
"/Users/jerichoyu/Development/Projects/go/aid297/aid/websocketPool/option.go", "Go", 37, 0, 0, 0, 0, 0, 0, 0, 0, 0, 0, 0, 0, 0, 0, 15, 18, 70
"/Users/jerichoyu/Development/Projects/go/aid297/aid/websocketPool/server_pool.go", "Go", 204, 0, 0, 0, 0, 0, 0, 0, 0, 0, 0, 0, 0, 0, 0, 19, 42, 265
"/Users/jerichoyu/Development/Projects/go/aid297/aid/websockets/app.go", "Go", 9, 0, 0, 0, 0, 0, 0, 0, 0, 0, 0, 0, 0, 0, 0, 0, 2, 11
"/Users/jerichoyu/Development/Projects/go/aid297/aid/websockets/client.go", "Go", 286, 0, 0, 0, 0, 0, 0, 0, 0, 0, 0, 0, 0, 0, 0, 30, 71, 387
"/Users/jerichoyu/Development/Projects/go/aid297/aid/websockets/client_instance.go", "Go", 57, 0, 0, 0, 0, 0, 0, 0, 0, 0, 0, 0, 0, 0, 0, 10, 20, 87
"/Users/jerichoyu/Development/Projects/go/aid297/aid/websockets/client_instance_pool.go", "Go", 61, 0, 0, 0, 0, 0, 0, 0, 0, 0, 0, 0, 0, 0, 0, 9, 20, 90
"/Users/jerichoyu/Development/Projects/go/aid297/aid/websockets/client_test.go", "Go", 173, 0, 0, 0, 0, 0, 0, 0, 0, 0, 0, 0, 0, 0, 0, 3, 26, 202
"/Users/jerichoyu/Development/Projects/go/aid297/aid/websockets/errors.go", "Go", 177, 0, 0, 0, 0, 0, 0, 0, 0, 0, 0, 0, 0, 0, 0, 0, 61, 238
"/Users/jerichoyu/Development/Projects/go/aid297/aid/websockets/function.go", "Go", 22, 0, 0, 0, 0, 0, 0, 0, 0, 0, 0, 0, 0, 0, 0, 1, 5, 28
"/Users/jerichoyu/Development/Projects/go/aid297/aid/websockets/message.go", "Go", 51, 0, 0, 0, 0, 0, 0, 0, 0, 0, 0, 0, 0, 0, 0, 12, 16, 79
"/Users/jerichoyu/Development/Projects/go/aid297/aid/websockets/option.go", "Go", 21, 0, 0, 0, 0, 0, 0, 0, 0, 0, 0, 0, 0, 0, 0, 1, 3, 25
"/Users/jerichoyu/Development/Projects/go/aid297/aid/websockets/server.go", "Go", 135, 0, 0, 0, 0, 0, 0, 0, 0, 0, 0, 0, 0, 0, 0, 10, 21, 166
"/Users/jerichoyu/Development/Projects/go/aid297/aid/websockets/server_attributer.go", "Go", 39, 0, 0, 0, 0, 0, 0, 0, 0, 0, 0, 0, 0, 0, 0, 0, 10, 49
"/Users/jerichoyu/Development/Projects/go/aid297/aid/websockets/server_pool.go", "Go", 150, 0, 0, 0, 0, 0, 0, 0, 0, 0, 0, 0, 0, 0, 0, 20, 32, 202
"/Users/jerichoyu/Development/Projects/go/aid297/aid/websockets/server_test.go", "Go", 46, 0, 0, 0, 0, 0, 0, 0, 0, 0, 0, 0, 0, 0, 0, 0, 6, 52
"/Users/jerichoyu/Development/Projects/go/aid297/aid/websockets/status.go", "Go", 6, 0, 0, 0, 0, 0, 0, 0, 0, 0, 0, 0, 0, 0, 0, 0, 3, 9
"Total", "-", 21645, 34, 158, 154, 37, 737, 184867, 170, 283, 49, 1091, 50, 15, 2707, 9, 1836, 6077, 219919